{"cameraMode":{"drawMode":0,"name":"Shaded","section":"Shading Mode"},"sceneLighting":true,"audioPlay":false,"sceneViewState":{"m_AlwaysRefresh":false,"showFog":true,"showSkybox":true,"showFlares":true,"showImageEffects":true,"showParticleSystems":true,"showVisualEffectGraphs":true,"m_FxEnabled":true},"in2DMode":false,"pivot":{"x":-1.2457869052886963,"y":-0.5280551910400391,"z":-1.1325945854187012},"rotation":{"x":-0.0031011237297207119,"y":0.9774397015571594,"z":-0.21078675985336305,"w":-0.014370947144925595},"size":12.43494987487793,"orthographic":false}